[
    {
        "countryName": "Albania",
        "countryCode": "AL",
        "timeZones": [
            "Europe/Tirane"
        ],
        "offsets": [
            "UTC +02:00"
        ]
    },
    {
        "countryName": "Andorra",
        "countryCode": "AD",
        "timeZones": [
            "Europe/Andorra"
        ],
        "offsets": [
            "UTC +02:00"
        ]
    },
    {
        "countryName": "Argentina",
        "countryCode": "AR",
        "timeZones": [
            "America/Argentina/Buenos_Aires"
        ],
        "offsets": [
            "UTC -03:00"
        ]
    },
    {
        "countryName": "Armenia",
        "countryCode": "AM",
        "timeZones": [
            "Asia/Yerevan"
        ],
        "offsets": [
            "UTC +04:00"
        ]
    },
    {
        "countryName": "Australia",
        "countryCode": "AU",
        "timeZones": [
            "Australia/Perth",
            "Australia/Eucla",
            "Australia/Darwin",
            "Australia/Brisbane",
            "Australia/Adelaide",
            "Australia/Sydney"
        ],
        "offsets": [
            "UTC +08:00",
            "UTC +08:45",
            "UTC +09:30",
            "UTC +10:00",
            "UTC +10:30",
            "UTC +11:00"
        ]
    },
    {
        "countryName": "Austria",
        "countryCode": "AT",
        "timeZones": [
            "Europe/Vienna"
        ],
        "offsets": [
            "UTC +02:00"
        ]
    },
    {
        "countryName": "Bahamas",
        "countryCode": "BS",
        "timeZones": [
            "America/Nassau"
        ],
        "offsets": [
            "UTC -04:00"
        ]
    },
    {
        "countryName": "Barbados",
        "countryCode": "BB",
        "timeZones": [
            "America/Barbados"
        ],
        "offsets": [
            "UTC -04:00"
        ]
    },
    {
        "countryName": "Belarus",
        "countryCode": "BY",
        "timeZones": [
            "Europe/Minsk"
        ],
        "offsets": [
            "UTC +03:00"
        ]
    },
    {
        "countryName": "Belgium",
        "countryCode": "BE",
        "timeZones": [
            "Europe/Brussels"
        ],
        "offsets": [
            "UTC +02:00"
        ]
    },
    {
        "countryName": "Belize",
        "countryCode": "BZ",
        "timeZones": [
            "America/Belize"
        ],
        "offsets": [
            "UTC -06:00"
        ]
    },
    {
        "countryName": "Benin",
        "countryCode": "BJ",
        "timeZones": [
            "Africa/Porto-Novo"
        ],
        "offsets": [
            "UTC +01:00"
        ]
    },
    {
        "countryName": "Bolivia",
        "countryCode": "BO",
        "timeZones": [
            "America/La_Paz"
        ],
        "offsets": [
            "UTC -04:00"
        ]
    },
    {
        "countryName": "Bosnia and Herzegovina",
        "countryCode": "BA",
        "timeZones": [
            "Europe/Sarajevo"
        ],
        "offsets": [
            "UTC +02:00"
        ]
    },
    {
        "countryName": "Botswana",
        "countryCode": "BW",
        "timeZones": [
            "Africa/Gaborone"
        ],
        "offsets": [
            "UTC +02:00"
        ]
    },
    {
        "countryName": "Brazil",
        "countryCode": "BR",
        "timeZones": [
            "America/Rio_Branco",
            "America/Manaus",
            "America/Araguaina",
            "America/Noronha"
        ],
        "offsets": [
            "UTC -05:00",
            "UTC -04:00",
            "UTC -03:00",
            "UTC -02:00"
        ]
    },
    {
        "countryName": "Bulgaria",
        "countryCode": "BG",
        "timeZones": [
            "Europe/Sofia"
        ],
        "offsets": [
            "UTC +03:00"
        ]
    },
    {
        "countryName": "Canada",
        "countryCode": "CA",
        "timeZones": [
            "America/Vancouver",
            "America/Inuvik",
            "America/Atikokan",
            "America/Toronto",
            "America/Halifax",
            "America/St_Johns"
        ],
        "offsets": [
            "UTC -07:00",
            "UTC -06:00",
            "UTC -05:00",
            "UTC -04:00",
            "UTC -03:00",
            "UTC -02:30"
        ]
    },
    {
        "countryName": "Chile",
        "countryCode": "CL",
        "timeZones": [
            "Pacific/Easter",
            "America/Santiago"
        ],
        "offsets": [
            "UTC -05:00",
            "UTC -03:00"
        ]
    },
    {
        "countryName": "China",
        "countryCode": "CN",
        "timeZones": [
            "Asia/Urumqi",
            "Asia/Shanghai"
        ],
        "offsets": [
            "UTC +06:00",
            "UTC +08:00"
        ]
    },
    {
        "countryName": "Colombia",
        "countryCode": "CO",
        "timeZones": [
            "America/Bogota"
        ],
        "offsets": [
            "UTC -05:00"
        ]
    },
    {
        "countryName": "Costa Rica",
        "countryCode": "CR",
        "timeZones": [
            "America/Costa_Rica"
        ],
        "offsets": [
            "UTC -06:00"
        ]
    },
    {
        "countryName": "Croatia",
        "countryCode": "HR",
        "timeZones": [
            "Europe/Zagreb"
        ],
        "offsets": [
            "UTC +02:00"
        ]
    },
    {
        "countryName": "Cuba",
        "countryCode": "CU",
        "timeZones": [
            "America/Havana"
        ],
        "offsets": [
            "UTC -04:00"
        ]
    },
    {
        "countryName": "Cyprus",
        "countryCode": "CY",
        "timeZones": [
            "Asia/Nicosia"
        ],
        "offsets": [
            "UTC +03:00"
        ]
    },
    {
        "countryName": "Czechia",
        "countryCode": "CZ",
        "timeZones": [
            "Europe/Prague"
        ],
        "offsets": [
            "UTC +02:00"
        ]
    },
    {
        "countryName": "Denmark",
        "countryCode": "DK",
        "timeZones": [
            "Europe/Copenhagen"
        ],
        "offsets": [
            "UTC +02:00"
        ]
    },
    {
        "countryName": "Dominican Republic",
        "countryCode": "DO",
        "timeZones": [
            "America/Santo_Domingo"
        ],
        "offsets": [
            "UTC -04:00"
        ]
    },
    {
        "countryName": "Ecuador",
        "countryCode": "EC",
        "timeZones": [
            "Pacific/Galapagos",
            "America/Guayaquil"
        ],
        "offsets": [
            "UTC -06:00",
            "UTC -05:00"
        ]
    },
    {
        "countryName": "Egypt",
        "countryCode": "EG",
        "timeZones": [
            "Africa/Cairo"
        ],
        "offsets": [
            "UTC +03:00"
        ]
    },
    {
        "countryName": "El Salvador",
        "countryCode": "SV",
        "timeZones": [
            "America/El_Salvador"
        ],
        "offsets": [
            "UTC -06:00"
        ]
    },
    {
        "countryName": "Estonia",
        "countryCode": "EE",
        "timeZones": [
            "Europe/Tallinn"
        ],
        "offsets": [
            "UTC +03:00"
        ]
    },
    {
        "countryName": "Faroe Islands",
        "countryCode": "FO",
        "timeZones": [
            "Atlantic/Faroe"
        ],
        "offsets": [
            "UTC +01:00"
        ]
    },
    {
        "countryName": "Finland",
        "countryCode": "FI",
        "timeZones": [
            "Europe/Helsinki"
        ],
        "offsets": [
            "UTC +03:00"
        ]
    },
    {
        "countryName": "France",
        "countryCode": "FR",
        "timeZones": [
            "Europe/Paris"
        ],
        "offsets": [
            "UTC +02:00"
        ]
    },
    {
        "countryName": "Gabon",
        "countryCode": "GA",
        "timeZones": [
            "Africa/Libreville"
        ],
        "offsets": [
            "UTC +01:00"
        ]
    },
    {
        "countryName": "Gambia",
        "countryCode": "GM",
        "timeZones": [
            "Africa/Banjul"
        ],
        "offsets": [
            "UTC"
        ]
    },
    {
        "countryName": "Georgia",
        "countryCode": "GE",
        "timeZones": [
            "Asia/Tbilisi"
        ],
        "offsets": [
            "UTC +04:00"
        ]
    },
    {
        "countryName": "Germany",
        "countryCode": "DE",
        "timeZones": [
            "Europe/Berlin"
        ],
        "offsets": [
            "UTC +02:00"
        ]
    },
    {
        "countryName": "Gibraltar",
        "countryCode": "GI",
        "timeZones": [
            "Europe/Gibraltar"
        ],
        "offsets": [
            "UTC +02:00"
        ]
    },
    {
        "countryName": "Greece",
        "countryCode": "GR",
        "timeZones": [
            "Europe/Athens"
        ],
        "offsets": [
            "UTC +03:00"
        ]
    },
    {
        "countryName": "Greenland",
        "countryCode": "GL",
        "timeZones": [
            "America/Thule",
            "America/Nuuk",
            "America/Danmarkshavn"
        ],
        "offsets": [
            "UTC -03:00",
            "UTC -01:00",
            "UTC"
        ]
    },
    {
        "countryName": "Grenada",
        "countryCode": "GD",
        "timeZones": [
            "America/Grenada"
        ],
        "offsets": [
            "UTC -04:00"
        ]
    },
    {
        "countryName": "Guatemala",
        "countryCode": "GT",
        "timeZones": [
            "America/Guatemala"
        ],
        "offsets": [
            "UTC -06:00"
        ]
    },
    {
        "countryName": "Guernsey",
        "countryCode": "GG",
        "timeZones": [
            "Europe/Guernsey"
        ],
        "offsets": [
            "UTC +01:00"
        ]
    },
    {
        "countryName": "Guyana",
        "countryCode": "GY",
        "timeZones": [
            "America/Guyana"
        ],
        "offsets": [
            "UTC -04:00"
        ]
    },
    {
        "countryName": "Haiti",
        "countryCode": "HT",
        "timeZones": [
            "America/Port-au-Prince"
        ],
        "offsets": [
            "UTC -04:00"
        ]
    },
    {
        "countryName": "Vatican City",
        "countryCode": "VA",
        "timeZones": [
            "Europe/Vatican"
        ],
        "offsets": [
            "UTC +02:00"
        ]
    },
    {
        "countryName": "Honduras",
        "countryCode": "HN",
        "timeZones": [
            "America/Tegucigalpa"
        ],
        "offsets": [
            "UTC -06:00"
        ]
    },
    {
        "countryName": "Hong Kong",
        "countryCode": "HK",
        "timeZones": [
            "Asia/Hong_Kong"
        ],
        "offsets": [
            "UTC +08:00"
        ]
    },
    {
        "countryName": "Hungary",
        "countryCode": "HU",
        "timeZones": [
            "Europe/Budapest"
        ],
        "offsets": [
            "UTC +02:00"
        ]
    },
    {
        "countryName": "Iceland",
        "countryCode": "IS",
        "timeZones": [
            "Atlantic/Reykjavik"
        ],
        "offsets": [
            "UTC"
        ]
    },
    {
        "countryName": "Indonesia",
        "countryCode": "ID",
        "timeZones": [
            "Asia/Jakarta",
            "Asia/Makassar",
            "Asia/Jayapura"
        ],
        "offsets": [
            "UTC +07:00",
            "UTC +08:00",
            "UTC +09:00"
        ]
    },
    {
        "countryName": "Ireland",
        "countryCode": "IE",
        "timeZones": [
            "Europe/Dublin"
        ],
        "offsets": [
            "UTC +01:00"
        ]
    },
    {
        "countryName": "Isle of Man",
        "countryCode": "IM",
        "timeZones": [
            "Europe/Isle_of_Man"
        ],
        "offsets": [
            "UTC +01:00"
        ]
    },
    {
        "countryName": "Italy",
        "countryCode": "IT",
        "timeZones": [
            "Europe/Rome"
        ],
        "offsets": [
            "UTC +02:00"
        ]
    },
    {
        "countryName": "Jamaica",
        "countryCode": "JM",
        "timeZones": [
            "America/Jamaica"
        ],
        "offsets": [
            "UTC -05:00"
        ]
    },
    {
        "countryName": "Japan",
        "countryCode": "JP",
        "timeZones": [
            "Asia/Tokyo"
        ],
        "offsets": [
            "UTC +09:00"
        ]
    },
    {
        "countryName": "Jersey",
        "countryCode": "JE",
        "timeZones": [
            "Europe/Jersey"
        ],
        "offsets": [
            "UTC +01:00"
        ]
    },
    {
        "countryName": "Kazakhstan",
        "countryCode": "KZ",
        "timeZones": [
            "Asia/Almaty"
        ],
        "offsets": [
            "UTC +05:00"
        ]
    },
    {
        "countryName": "South Korea",
        "countryCode": "KR",
        "timeZones": [
            "Asia/Seoul"
        ],
        "offsets": [
            "UTC +09:00"
        ]
    },
    {
        "countryName": "Latvia",
        "countryCode": "LV",
        "timeZones": [
            "Europe/Riga"
        ],
        "offsets": [
            "UTC +03:00"
        ]
    },
    {
        "countryName": "Lesotho",
        "countryCode": "LS",
        "timeZones": [
            "Africa/Maseru"
        ],
        "offsets": [
            "UTC +02:00"
        ]
    },
    {
        "countryName": "Liechtenstein",
        "countryCode": "LI",
        "timeZones": [
            "Europe/Vaduz"
        ],
        "offsets": [
            "UTC +02:00"
        ]
    },
    {
        "countryName": "Lithuania",
        "countryCode": "LT",
        "timeZones": [
            "Europe/Vilnius"
        ],
        "offsets": [
            "UTC +03:00"
        ]
    },
    {
        "countryName": "Luxembourg",
        "countryCode": "LU",
        "timeZones": [
            "Europe/Luxembourg"
        ],
        "offsets": [
            "UTC +02:00"
        ]
    },
    {
        "countryName": "North Macedonia",
        "countryCode": "MK",
        "timeZones": [
            "Europe/Skopje"
        ],
        "offsets": [
            "UTC +02:00"
        ]
    },
    {
        "countryName": "Madagascar",
        "countryCode": "MG",
        "timeZones": [
            "Indian/Antananarivo"
        ],
        "offsets": [
            "UTC +03:00"
        ]
    },
    {
        "countryName": "Malta",
        "countryCode": "MT",
        "timeZones": [
            "Europe/Malta"
        ],
        "offsets": [
            "UTC +02:00"
        ]
    },
    {
        "countryName": "Mexico",
        "countryCode": "MX",
        "timeZones": [
            "America/Tijuana",
            "America/Mexico_City",
            "America/Cancun"
        ],
        "offsets": [
            "UTC -07:00",
            "UTC -06:00",
            "UTC -05:00"
        ]
    },
    {
        "countryName": "Moldova",
        "countryCode": "MD",
        "timeZones": [
            "Europe/Chisinau"
        ],
        "offsets": [
            "UTC +03:00"
        ]
    },
    {
        "countryName": "Monaco",
        "countryCode": "MC",
        "timeZones": [
            "Europe/Monaco"
        ],
        "offsets": [
            "UTC +02:00"
        ]
    },
    {
        "countryName": "Mongolia",
        "countryCode": "MN",
        "timeZones": [
            "Asia/Hovd",
            "Asia/Ulaanbaatar"
        ],
        "offsets": [
            "UTC +07:00",
            "UTC +08:00"
        ]
    },
    {
        "countryName": "Montenegro",
        "countryCode": "ME",
        "timeZones": [
            "Europe/Podgorica"
        ],
        "offsets": [
            "UTC +02:00"
        ]
    },
    {
        "countryName": "Montserrat",
        "countryCode": "MS",
        "timeZones": [
            "America/Montserrat"
        ],
        "offsets": [
            "UTC -04:00"
        ]
    },
    {
        "countryName": "Morocco",
        "countryCode": "MA",
        "timeZones": [
            "Africa/Casablanca"
        ],
        "offsets": [
            "UTC +01:00"
        ]
    },
    {
        "countryName": "Mozambique",
        "countryCode": "MZ",
        "timeZones": [
            "Africa/Maputo"
        ],
        "offsets": [
            "UTC +02:00"
        ]
    },
    {
        "countryName": "Namibia",
        "countryCode": "NA",
        "timeZones": [
            "Africa/Windhoek"
        ],
        "offsets": [
            "UTC +02:00"
        ]
    },
    {
        "countryName": "Netherlands",
        "countryCode": "NL",
        "timeZones": [
            "Europe/Amsterdam"
        ],
        "offsets": [
            "UTC +02:00"
        ]
    },
    {
        "countryName": "New Zealand",
        "countryCode": "NZ",
        "timeZones": [
            "Pacific/Auckland",
            "Pacific/Chatham"
        ],
        "offsets": [
            "UTC +13:00",
            "UTC +13:45"
        ]
    },
    {
        "countryName": "Nicaragua",
        "countryCode": "NI",
        "timeZones": [
            "America/Managua"
        ],
        "offsets": [
            "UTC -06:00"
        ]
    },
    {
        "countryName": "Niger",
        "countryCode": "NE",
        "timeZones": [
            "Africa/Niamey"
        ],
        "offsets": [
            "UTC +01:00"
        ]
    },
    {
        "countryName": "Nigeria",
        "countryCode": "NG",
        "timeZones": [
            "Africa/Lagos"
        ],
        "offsets": [
            "UTC +01:00"
        ]
    },
    {
        "countryName": "Norway",
        "countryCode": "NO",
        "timeZones": [
            "Europe/Oslo"
        ],
        "offsets": [
            "UTC +02:00"
        ]
    },
    {
        "countryName": "Panama",
        "countryCode": "PA",
        "timeZones": [
            "America/Panama"
        ],
        "offsets": [
            "UTC -05:00"
        ]
    },
    {
        "countryName": "Papua New Guinea",
        "countryCode": "PG",
        "timeZones": [
            "Pacific/Port_Moresby",
            "Pacific/Bougainville"
        ],
        "offsets": [
            "UTC +10:00",
            "UTC +11:00"
        ]
    },
    {
        "countryName": "Paraguay",
        "countryCode": "PY",
        "timeZones": [
            "America/Asuncion"
        ],
        "offsets": [
            "UTC -03:00"
        ]
    },
    {
        "countryName": "Peru",
        "countryCode": "PE",
        "timeZones": [
            "America/Lima"
        ],
        "offsets": [
            "UTC -05:00"
        ]
    },
    {
        "countryName": "Poland",
        "countryCode": "PL",
        "timeZones": [
            "Europe/Warsaw"
        ],
        "offsets": [
            "UTC +02:00"
        ]
    },
    {
        "countryName": "Portugal",
        "countryCode": "PT",
        "timeZones": [
            "Atlantic/Azores",
            "Europe/Lisbon"
        ],
        "offsets": [
            "UTC",
            "UTC +01:00"
        ]
    },
    {
        "countryName": "Puerto Rico",
        "countryCode": "PR",
        "timeZones": [
            "America/Puerto_Rico"
        ],
        "offsets": [
            "UTC -04:00"
        ]
    },
    {
        "countryName": "Romania",
        "countryCode": "RO",
        "timeZones": [
            "Europe/Bucharest"
        ],
        "offsets": [
            "UTC +03:00"
        ]
    },
    {
        "countryName": "Russia",
        "countryCode": "RU",
        "timeZones": [
            "Asia/Kamchatka",
            "Europe/Moscow",
            "Europe/Samara",
            "Asia/Yekaterinburg",
            "Asia/Omsk",
            "Asia/Krasnoyarsk",
            "Asia/Novosibirsk",
            "Asia/Irkutsk",
            "Asia/Chita",
            "Asia/Vladivostok",
            "Asia/Magadan",
            "Asia/Anadyr"
        ],
        "offsets": [
            "UTC +02:00",
            "UTC +03:00",
            "UTC +04:00",
            "UTC +05:00",
            "UTC +06:00",
            "UTC +07:00",
            "UTC +08:00",
            "UTC +09:00",
            "UTC +10:00",
            "UTC +11:00",
            "UTC +12:00"
        ]
    },
    {
        "countryName": "San Marino",
        "countryCode": "SM",
        "timeZones": [
            "Europe/San_Marino"
        ],
        "offsets": [
            "UTC +02:00"
        ]
    },
    {
        "countryName": "Serbia",
        "countryCode": "RS",
        "timeZones": [
            "Europe/Belgrade"
        ],
        "offsets": [
            "UTC +02:00"
        ]
    },
    {
        "countryName": "Singapore",
        "countryCode": "SG",
        "timeZones": [
            "Asia/Singapore"
        ],
        "offsets": [
            "UTC +08:00"
        ]
    },
    {
        "countryName": "Slovakia",
        "countryCode": "SK",
        "timeZones": [
            "Europe/Bratislava"
        ],
        "offsets": [
            "UTC +02:00"
        ]
    },
    {
        "countryName": "Slovenia",
        "countryCode": "SI",
        "timeZones": [
            "Europe/Ljubljana"
        ],
        "offsets": [
            "UTC +02:00"
        ]
    },
    {
        "countryName": "South Africa",
        "countryCode": "ZA",
        "timeZones": [
            "Africa/Johannesburg"
        ],
        "offsets": [
            "UTC +02:00"
        ]
    },
    {
        "countryName": "Spain",
        "countryCode": "ES",
        "timeZones": [
            "Atlantic/Canary",
            "Europe/Madrid"
        ],
        "offsets": [
            "UTC +01:00",
            "UTC +02:00"
        ]
    },
    {
        "countryName": "Suriname",
        "countryCode": "SR",
        "timeZones": [
            "America/Paramaribo"
        ],
        "offsets": [
            "UTC -03:00"
        ]
    },
    {
        "countryName": "Svalbard and Jan Mayen",
        "countryCode": "SJ",
        "timeZones": [
            "Arctic/Longyearbyen"
        ],
        "offsets": [
            "UTC +02:00"
        ]
    },
    {
        "countryName": "Sweden",
        "countryCode": "SE",
        "timeZones": [
            "Europe/Stockholm"
        ],
        "offsets": [
            "UTC +02:00"
        ]
    },
    {
        "countryName": "Switzerland",
        "countryCode": "CH",
        "timeZones": [
            "Europe/Zurich"
        ],
        "offsets": [
            "UTC +02:00"
        ]
    },
    {
        "countryName": "Tunisia",
        "countryCode": "TN",
        "timeZones": [
            "Africa/Tunis"
        ],
        "offsets": [
            "UTC +01:00"
        ]
    },
    {
        "countryName": "Turkey",
        "countryCode": "TR",
        "timeZones": [
            "Europe/Istanbul"
        ],
        "offsets": [
            "UTC +03:00"
        ]
    },
    {
        "countryName": "Ukraine",
        "countryCode": "UA",
        "timeZones": [
            "Europe/Kyiv"
        ],
        "offsets": [
            "UTC +03:00"
        ]
    },
    {
        "countryName": "United Kingdom",
        "countryCode": "GB",
        "timeZones": [
            "Europe/London"
        ],
        "offsets": [
            "UTC +01:00"
        ]
    },
    {
        "countryName": "United States",
        "countryCode": "US",
        "timeZones": [
            "Pacific/Honolulu",
            "America/Adak",
            "America/Anchorage",
            "America/Los_Angeles",
            "America/Phoenix",
            "America/Denver",
            "America/Chicago",
            "America/New_York"
        ],
        "offsets": [
            "UTC -10:00",
            "UTC -09:00",
            "UTC -08:00",
            "UTC -07:00",
            "UTC -06:00",
            "UTC -05:00",
            "UTC -04:00"
        ]
    },
    {
        "countryName": "Uruguay",
        "countryCode": "UY",
        "timeZones": [
            "America/Montevideo"
        ],
        "offsets": [
            "UTC -03:00"
        ]
    },
    {
        "countryName": "Venezuela",
        "countryCode": "VE",
        "timeZones": [
            "America/Caracas"
        ],
        "offsets": [
            "UTC -04:00"
        ]
    },
    {
        "countryName": "Viet Nam",
        "countryCode": "VN",
        "timeZones": [
            "Asia/Ho_Chi_Minh"
        ],
        "offsets": [
            "UTC +07:00"
        ]
    },
    {
        "countryName": "Zimbabwe",
        "countryCode": "ZW",
        "timeZones": [
            "Africa/Harare"
        ],
        "offsets": [
            "UTC +02:00"
        ]
    },
    {
        "countryName": "Åland Islands",
        "countryCode": "AX",
        "timeZones": [
            "Europe/Mariehamn"
        ],
        "offsets": [
            "UTC +03:00"
        ]
    }
]